N,reduce_global_ms,reduce_shared_ms,bubble_subarrays_ms,merge_pairs_ms
10000,0.208864,0.027744,0.049696,0.036896
100000,0.350176,0.020384,0.179904,0.059392
1000000,3.45389,0.101568,1.65856,0.48128
